<?xml version="1.0" encoding="utf-8"?>
<ApplicationInstallerManifest>
   <DefaultInstallationDirectory>/usr/execCellfie/</DefaultInstallationDirectory>
   <ApplicationName>execCellfie</ApplicationName>
   <ExecutableName>application/execCellfie.exe</ExecutableName>
   <GUID>98806d65-1a7d-4a5c-888b-770c49c21383</GUID>
   <ApplicationIcon>default_icon_48.png</ApplicationIcon>
   <Logo>default_logo.png</Logo>
   <Version>0.1</Version>
   <InstallationNotes>In the following directions, replace MR/v94 by the directory on the target machine where MATLAB is installed, or MR by the directory where the MATLAB Runtime is installed.

(1) Set the environment variable XAPPLRESDIR to this value:

MR/v94/X11/app-defaults


(2) If the environment variable LD_LIBRARY_PATH is undefined, set it to the following:

MR/v94/runtime/glnxa64:MR/v94/bin/glnxa64:MR/v94/sys/os/glnxa64:MR/v94/sys/opengl/lib/glnxa64

If it is defined, set it to the following:

${LD_LIBRARY_PATH}:MR/v94/runtime/glnxa64:MR/v94/bin/glnxa64:MR/v94/sys/os/glnxa64:MR/v94/sys/opengl/lib/glnxa64
</InstallationNotes>
   <WelcomePanelText>execCellfie 0.1
Richelle, Kellman
bkellman@eng.ucsd.edu</WelcomePanelText>
   <MCRProducts>
      <MCRProduct>
         <ExternalProductIdentifier>35000</ExternalProductIdentifier>
      </MCRProduct>
      <MCRProduct>
         <ExternalProductIdentifier>35010</ExternalProductIdentifier>
      </MCRProduct>
   </MCRProducts>
</ApplicationInstallerManifest>